Species,Candidate,Rouge_Total,Mimico_Total,Highland_Total,Etob_Total,EastDon_Total,Wshed,Rouge_Per,Mimico_Per,Highland_Per,Etob_Per,EastDon_Per,SID,ALTSID,FID,GENUS,SPECIES,GID,ScientificName,ITISTSN,COMMONNAME,OTHERNAMES,FamilyNumber,NATIVE,NONFEED,BENTHIC,SURWCOL,ALGPHYTO,MACVASCU,DETRITUS,INVLVFSH,FSHCRCRB,BLOOD,EGGS,OTHER,MAXTL,MATUAGE,LONGEVITY,FECUNDITY,SERIAL,JAN,FEB,MAR,APR,MAY,JUN,JUL,AUG,SEP,OCT,NOV,DEC,SEASON,REPSTATE,A_1_1,A_1_2,A_1_3A,A_1_3B,A_1_3C,A_1_4,A_1_5,A_1_6,A_2_3A,A_2_3B,A_2_3C,A_2_4A,A_2_4C,B_1_3A,B_1_4,B_2_2,B_2_3A,B_2_3B,B_2_4,B_2_5,B_2_6,B_2_7A,B_2_7B,B_2_7C,C1_3_4_C24,EURYHALINE,MINTEMP,MAXTEMP,MUCK,CLAYSILT,SAND,GRAVEL,COBBLE,BOULDER,BEDROCK,VEGETAT,DEBRDETR,LWD,PELAGIC,PREFLOT,PREFLEN,SLOWCURR,MODCURR,FASTCURR,LARGERIV,SMALLRIV,SPRGSUBT,CREEK,AREAKM2,PERIMETER,PATCHES,LATRANGE,LONRANGE,LONGCENTROID,LATCENTROID,LACUSTRINE,LOWLAND,UPLAND,MONTANE,POTANADR,LISTED,REASON,LIST1,LIST2,LIST3,LIST4,LIST5,EXTINCT,AspRatio
Ambloplites_rupestris,Y,9,1,1,7,1,5,0.12,0.090909091,0.0625,0.291666667,0.03030303,Arupestr,Arupestr,Centrarc,Ambloplites,rupestris,Amblopli,Ambloplites rupestris,168097,rock bass,.,349,1,0,1,1,0,0,0,1,1,0,0,0,43,3,8,11000,0,0,0,0,1,1,1,0,0,0,0,0,0,3,NC,0,0,0,0,0,0,0,0,0,0,0,0,0,0,0,1,0,0,0,0,0,0,0,0,0,0,-9.5,28.7,1,0,0,1,1,0,0,1,1,1,0,1,0,1,0,0,1,1,0,1,2204814,14698,1,1993,2413,863228.8707,2268591.432,1,1,1,1,0,0,0,0,0,0,0,0,O,1.05
Ameiurus_nebulosus,N,0,0,1,4,0,2,0,0,0.0625,0.166666667,0,Anebulos,Anebulos,Ictaluri,Ameiurus,nebulosus,Ameiurus,Ameiurus nebulosus,164043,brown bullhead,.,143,1,0,1,0,1,1,1,1,1,0,1,0,55,2.5,11,13000,1,0,0,0,1,0.25,0,0,0,0,0,0,0,1.25,NC,0,0,0,0,0,0,0,0,0,0,0,0,0,0,0,0,0,0,0,0,0,0,1,0,0,0,-8.3,28.1,1,1,1,1,0,0,0,1,0,0,0,0,0,1,0,0,1,1,0,1,2592343,22794,5,2845,3315,1107979.61,2032086.491,1,1,1,0,0,0,0,0,0,0,0,0,O,1.165
Campostoma_anomalum,N,20,0,0,10,1,3,0.266666667,0,0,0.416666667,0.03030303,Canomalu,Canomalu,Cyprinid,Campostoma,anomalum,Camposto,Campostoma anomalum,163508,central stoneroller,.,102,1,0,1,0,1,0,1,1,0,0,1,0,22,2.5,5,4800,0,0,0,0,1,1,0.5,0,0,0,0,0,0,2.5,NC,0,0,0,0,0,0,0,0,1,0,0,0,0,0,0,0,0,0,0,0,0,0,0,0,0,0,-7.9,31.6,0,0,0,1,1,1,1,0,0,0,0,1,0,0,1,1,1,1,0,1,2722903,13332,2,2556,2818,301654.1632,1829966.81,0,1,1,1,0,0,0,0,0,0,0,0,O,2.11
Carassius_auratus,N,4,0,1,2,1,4,0.053333333,0,0.0625,0.083333333,0.03030303,Cauratus,Cauratus,Cyprinid,Carassius,auratus,Carassiu,Carassius auratus,163350,goldfish,.,102,0,0,1,1,1,1,1,1,0,0,0,0,59,3.5,10,400000,1,0,0,1,1,1,0,0,0,0,0,0,0,3,NC,0,0,0,0,0,0,1,0,0,0,0,0,0,0,0,0,0,0,0,0,0,0,0,0,0,0,-1,-1,0,0,0,0,0,0,0,1,1,0,0,0,1,1,0,0,1,1,0,1,-1,-1,-1,-1,-1,-1,-1,1,1,1,0,0,-1,-1,-1,-1,-1,-1,-1,O,1.925
Catostomus_commersonii,Y,45,3,13,16,20,5,0.6,0.272727273,0.8125,0.666666667,0.606060606,Ccommers,Ccommers,Catostom,Catostomus,commersonii,Catostom,Catostomus commersonii,553273,white sucker,.,105,1,0,1,0,1,1,1,1,0,0,1,0,64,3,8,50000,0,0,0,0.75,1,0,0,0,0,0,0,0,0,1.75,NC,0,0,0,1,0,0,0,0,0,0,0,0,0,0,0,0,0,0,0,0,0,0,0,0,0,0,-999,-999,1,1,1,1,1,1,1,1,1,0,0,1,0,1,1,1,1,1,0,1,8850545,26569,1,4015,4759,203929.0208,2966263.716,1,1,1,1,0,0,0,0,0,0,0,0,O,1.59
Chrosomus_eos,N,4,0,0,1,1,3,0.053333333,0,0,0.041666667,0.03030303,Peos,Peos,Cyprinid,Phoxinus,eos,Phoxinus,Phoxinus eos,163592,northern redbelly dace,Chrosomus eos,102,1,0,1,1,1,0,0,1,0,0,0,0,8,1.5,3,800,1,0,0,0,0,0.5,1,1,0.5,0,0,0,0,3,WI,0,0,0,0,0,0,1,0,0,0,0,0,0,0,0,0,0,0,0,0,0,0,0,0,0,0,-999,-999,1,1,1,1,1,1,0,0,1,0,0,0,0,1,0,0,0,0,0,1,2643595,17751,3,2384,4239,164783.7855,2908675.48,1,1,1,0,0,0,0,0,0,0,0,0,O,1.15
Clinostomus_elongatus,N,13,0,0,0,1,2,0.173333333,0,0,0,0.03030303,Celongat,Clelonga,Cyprinid,Clinostomus,elongatus,Clinosto,Clinostomus elongatus,163373,redside dace,.,102,1,0,1,1,0,0,0,1,0,0,0,0,12,2,4,1526,0,0,0,0,0,1,0,0,0,0,0,0,0,1,WI,0,0,0,0,0,0,0,0,1,0,0,0,0,0,0,0,0,0,0,0,0,0,0,0,0,0,-555,-555,0,0,0,1,1,0,0,0,0,0,0,1,0,1,1,0,0,1,0,1,375595,5679,1,836,1581,5555555.556,5555555.556,0,0,1,0,0,1,3,1,0,0,1,0,O,0.96
Cottus_bairdii,N,8,0,0,1,4,3,0.106666667,0,0,0.041666667,0.121212121,Cbairdii,Cbairdii,Cottidae,Cottus,bairdii,Cottus,Cottus bairdii,167237,mottled sculpin,.,320,1,0,1,1,0,1,0,1,1,0,1,0,15,2,6,176,0,0,0,0.75,0.5,0,0,0,0,0,0,0,0,1.25,NC,0,0,0,0,0,0,0,0,0,0,0,0,0,0,0,0,0,0,0,0,0,1,0,0,0,0,-999,-999,-555,0,0,1,1,1,0,1,0,0,0,1,0,0,0,1,0,1,0,1,3849031,19297,8,2919,3996,625596.4969,2707835.332,1,0,1,1,0,1,4,0,0,0,0,0,O,1.18
Culaea_inconstans,Y,32,4,2,3,2,5,0.426666667,0.363636364,0.125,0.125,0.060606061,Cinconst,Cinconst,Gasteros,Culaea,inconstans,Culaea,Culaea inconstans,166399,brook stickleback,.,291,1,0,1,1,1,0,0,1,0,0,1,0,8.7,1,2.5,250,0,0,0,0,1,1,0.5,0,0,0,0,0,0,2.5,WI,0,0,0,0,0,0,0,0,0,0,0,0,0,0,0,0,0,0,1,0,0,0,0,0,0,0,-999,-999,1,1,1,1,1,1,0,0,0,0,0,0,1,1,0,0,1,1,1,1,4881975,20657,2,4049,4147,153407.3803,3065697.341,1,1,1,0,0,0,0,0,0,0,0,0,O,1.52
Cyprinidae,N,4,2,0,1,3,4,0.053333333,0.181818182,0,0.041666667,0.090909091,,,,,,,,,,,,,,,,,,,,,,,,,,,,,,,,,,,,,,,,,,,,,,,,,,,,,,,,,,,,,,,,,,,,,,,,,,,,,,,,,,,,,,,,,,,,,,,,,,,,,,,,,,,,,,,
Etheostoma_caeruleum,N,32,0,0,4,0,2,0.426666667,0,0,0.166666667,0,Ecaerule,Ecaerule,Percidae,Etheostoma,caeruleum,Etheosto,Etheostoma caeruleum,168378,rainbow darter,.,350,1,0,1,0,0,0,0,1,0,0,1,0,7.7,1,4,1462,1,0,0,0,1,1,1,0,0,0,0,0,0,3,WI,0,0,0,0,0,0,0,0,1,0,0,0,0,0,0,0,0,0,0,0,0,0,0,0,0,0,-7.8,29.8,0,0,1,1,1,0,0,0,0,0,0,1,0,0,1,1,1,1,0,1,975332,10504,8,1796,1510,837056.5452,1922374.835,0,0,1,0,0,0,0,0,0,0,0,0,O,1.44
Etheostoma_flabellare,N,0,0,0,4,0,1,0,0,0,0.166666667,0,Eflabell,Eflabell,Percidae,Etheostoma,flabellare,Etheosto,Etheostoma flabellare,168394,fantail darter,.,350,1,0,1,0,0,0,0,1,0,0,1,0,8.4,1,4,467,1,0,0,0,1,1,0,0,0,0,0,0,0,2,NC,0,0,0,0,0,0,0,0,0,0,0,0,0,0,0,0,0,0,0,0,0,1,0,0,0,0,-8.2,29.4,0,0,0,1,1,0,0,0,0,0,0,1,0,0,0,1,1,1,0,1,1660604,10801,1,1527,1949,887035.8071,1958872.385,0,0,1,1,0,0,0,0,0,0,0,0,O,0.51
Etheostoma_nigrum,N,44,0,0,17,11,3,0.586666667,0,0,0.708333333,0.333333333,Enigrum,Enigrum,Percidae,Etheostoma,nigrum,Etheosto,Etheostoma nigrum,168369,johnny darter,.,350,1,0,1,0,0,0,0,1,0,0,0,0,7.2,1,4,600,0,0,0,0,1,0.5,0,0,0,0,0,0,0,1.5,NC,0,0,0,0,0,0,0,0,0,0,0,0,0,0,0,0,0,0,0,0,0,0,0,1,0,0,-17.2,26.6,0,1,1,1,1,0,0,1,1,0,0,0,0,1,0,0,1,1,0,1,3713135,19954,2,2861,2820,450856.1195,2454845.747,1,1,1,0,0,0,0,0,0,0,0,0,O,0.63
Gasterosteus_aculeatus,N,0,0,1,0,0,1,0,0,0.0625,0,0,Gaculeat,Gaculeat,Gasteros,Gasterosteus,aculeatus,Gasteros,Gasterosteus aculeatus,166365,threespine stickleback,.,291,1,0,1,1,1,0,0,1,0,0,1,0,11,1,2.5,250,0,0,0,1,1,1,0,0,0,0,0,0,0,3,VA,0,0,0,0,0,0,0,0,0,0,0,0,0,0,0,0,0,0,1,0,0,0,0,0,0,1,-555,-555,-555,1,1,1,0,0,0,1,0,0,0,0,1,1,0,0,0,1,0,1,3369030,34596,14,5157,6321,686488.8444,3519152.434,1,1,1,0,0,1,4,0,0,0,0,0,O,2.04
Lampetra_appendix,N,0,0,0,0,1,1,0,0,0,0,0.03030303,Lappendi,Lappendi,Petromyz,Lampetra,appendix,Lampetra,Lampetra appendix,159708,American brook Lamprey,.,2,1,1,0,0,-1,-1,-1,-1,-1,-1,-1,-1,35,5,6,3000,0,0,0,1,0,0,0,0,0,0,0,0,0,1,NC,0,0,0,0,0,0,0,0,0,1,0,0,0,0,0,0,0,0,0,0,0,0,0,0,0,0,-9.8,28.8,0,1,1,1,1,0,0,0,0,0,0,1,0,1,1,0,0,1,0,1,1029641,15076,11,4207,5329,863464.8372,2295622.904,0,1,1,0,0,0,0,0,0,0,0,0,O,
Lepomis_cyanellus,N,0,0,0,10,0,1,0,0,0,0.416666667,0,Lcyanell,Lcyanell,Centrarc,Lepomis,cyanellus,Lepomis,Lepomis cyanellus,168132,green sunfish,.,349,1,0,1,1,0,0,0,1,1,0,0,0,31,2,8,10000,0,0,0,0,0,1,1,1,1,0,0,0,0,4,NC,0,0,0,0,0,0,0,0,0,0,0,0,0,0,0,1,0,0,0,0,0,0,0,0,0,0,-5.3,32.9,1,1,1,1,0,0,0,1,1,1,0,1,0,1,0,0,1,1,0,1,3849721,10869,1,2670,2550,118517.7823,1595563.811,1,1,1,0,0,0,0,0,0,0,0,0,O,1.59
Lepomis_gibbosus,N,15,0,1,9,3,4,0.2,0,0.0625,0.375,0.090909091,Lgibbosu,Lgibbosu,Centrarc,Lepomis,gibbosus,Lepomis,Lepomis gibbosus,168144,pumpkinseed,.,349,1,0,1,1,0,1,0,1,1,0,1,0,40,2,8,14000,0,0,0,0,1,1,1,1,1,1,1,0,0,7,NC,0,0,0,0,0,0,0,0,0,0,0,0,0,0,0,1,0,0,0,0,0,0,0,0,0,0,-7.4,28.6,1,1,1,1,0,0,0,1,1,1,0,1,0,1,0,0,1,1,0,1,1980638,14033,1,1863,2455,1061335.254,2235499.577,1,1,1,0,0,0,0,0,0,0,0,0,O,0.72
Luxilus_chrysocephalus,N,0,1,0,0,0,1,0,0.090909091,0,0,0,Lchrysoc,Lchrysoc,Cyprinid,Luxilus,chrysocephalus,Luxilus,Luxilus chrysocephalus,163832,striped shiner,.,102,1,0,1,1,1,1,1,1,1,0,1,0,18,2,6,1150,0,0,0,0,0,1,1,1,1,1,1,0,0,6,MS,0,0,0,0,0,0,0,0,1,0,0,0,0,0,0,0,0,0,0,0,0,0,0,0,0,0,-4.5,31.6,1,1,1,1,1,1,1,0,0,0,0,1,0,1,0,0,1,1,0,1,1200793,9158,2,1677,1759,809980.2021,1655181.077,0,1,1,1,0,0,0,0,0,0,0,0,O,2.57
Luxilus_cornutus,N,28,0,1,14,5,4,0.373333333,0,0.0625,0.583333333,0.151515152,Lcornutu,Lcornutu,Cyprinid,Luxilus,cornutus,Luxilus,Luxilus cornutus,163836,common shiner,.,102,1,0,1,1,1,1,1,1,1,0,0,0,18,2,6,1950,0,0,0,0,0,1,1,0,0,0,0,0,0,2,NES,0,0,0,0,0,0,0,0,0,1,0,0,0,0,0,0,0,0,0,0,0,0,0,0,0,0,-12.9,26,1,1,1,1,1,1,1,0,0,0,0,1,0,1,1,0,1,1,0,1,2312377,17531,2,2545,3443,848218.0436,2403256.531,0,0,1,1,0,0,0,0,0,0,0,0,O,2.09
Margariscus_nachtriebi,N,2,0,0,0,0,1,0.026666667,0,0,0,0,,,,,,,,,,,,,,,,,,,,,,,,,,,,,,,,,,,,,,,,,,,,,,,,,,,,,,,,,,,,,,,,,,,,,,,,,,,,,,,,,,,,,,,,,,,,,,,,,,,,,,,,,,,,,,,
Micropterus_salmoides,N,7,0,0,1,0,2,0.093333333,0,0,0.041666667,0,Msalmoid,Msalmoid,Centrarc,Micropterus,salmoides,Micropte,Micropterus salmoides,168160,largemouth bass,.,349,1,0,1,1,0,0,0,1,1,0,0,0,97,2.5,16,109314,0,0,0,0,0.5,1,1,0.5,0,0,0,0,0,3,WI,0,0,0,0,0,0,0,0,0,0,0,0,0,0,0,1,0,0,0,0,0,0,0,0,0,0,-3.3,32,0,1,1,1,1,0,0,1,0,0,0,0,1,1,0,0,1,1,0,1,3468067,14770,1,2721,2550,638970.7531,1547193.362,1,1,1,0,0,1,4,0,0,0,0,0,O,1.215
Neogobius_melanostomus,N,0,1,0,2,1,3,0,0.090909091,0,0.083333333,0.03030303,Nmelanos,Nmelanos,Gobiidae,Neogobius,melanostomus,Neogobiu,Neogobius melanostomus,172072,round goby,.,460,0,0,1,0,0,0,0,1,1,0,1,0,24.6,3,4,1000,1,0,0,0,1,1,1,1,1,1,0,0,0,6,MN,0,0,0,0,0,0,0,0,0,0,0,0,0,0,0,0,0,0,0,0,0,0,0,1,0,0,-1,-1,0,0,0,0,1,0,0,0,0,0,0,0,1,0,0,0,0,0,0,0,-1,-1,-1,-1,-1,-1,-1,1,1,0,0,0,-1,-1,-1,-1,-1,-1,-1,O,0.89
Nocomis_biguttatus,N,6,0,0,0,0,1,0.08,0,0,0,0,Nbigutta,Nbigutta,Cyprinid,Nocomis,biguttatus,Nocomis,Nocomis biguttatus,163395,hornyhead chub,.,102,1,0,1,1,1,1,1,1,1,0,0,0,26,2,4,725,1,0,0,0,0,1,1,1,0,0,0,0,0,3,WI,0,0,0,0,0,0,0,0,0,0,0,0,0,0,0,0,1,0,0,0,0,0,0,0,0,1,-12.4,29.1,1,1,1,1,1,1,0,0,0,0,0,1,0,1,1,0,0,1,0,1,1377116,10859,2,1688,2631,434156.6614,2142372.593,0,0,1,0,0,0,0,0,0,0,0,0,O,1.61
Notemigonus_crysoleucas,N,0,0,0,2,0,1,0,0,0,0.083333333,0,Ncrysole,Ncrysole,Cyprinid,Notemigonus,crysoleucas,Notemigo,Notemigonus crysoleucas,163368,golden shiner,.,102,1,0,0,1,1,1,0,1,0,0,1,0,30,1,8,4700,1,0,0,0,0.25,1,1,1,0.25,0,0,0,0,3.5,NC,0,0,0,0,0,0,1,0,0,0,0,0,0,0,0,0,0,0,0,0,0,0,0,0,0,0,-9.4,29.9,0,0,0,0,0,0,0,1,1,0,0,0,1,1,0,0,1,1,0,1,5849708,14533,1,2904,4068,628190.0129,2019980.936,1,1,1,0,0,0,0,0,0,0,0,0,O,1.68
Notropis_atherinoides,N,0,1,0,0,1,2,0,0.090909091,0,0,0.03030303,Natherin,Natherin,Cyprinid,Notropis,atherinoides,Notropis,Notropis atherinoides,163412,emerald shiner,.,102,1,0,0,1,1,1,1,1,0,0,0,0,13,1,3,8733,0,0,0,0,0,0.5,1,1,0,0,0,0,0,2.5,NC,1,0,0,0,0,0,0,0,0,0,0,0,0,0,0,0,0,0,0,0,0,0,0,0,0,0,-19.1,27.6,0,0,1,1,1,0,0,0,0,0,0,0,0,1,1,0,1,1,0,0,6004145,13832,1,3800,3622,88770.73281,2570955.07,1,1,1,0,0,0,0,0,0,0,0,0,O,2.01
Notropis_bifrenatus,N,0,1,0,0,1,2,0,0.090909091,0,0,0.03030303,Nbifrena,Nbifrena,Cyprinid,Notropis,bifrenatus,Notropis,Notropis bifrenatus,163402,bridle shiner,.,102,1,0,1,1,0,0,0,1,0,0,0,0,5,1,,2110,-555,0,0,0,0,0.5,1,0,0,0,0,0,0,1.5,VA,-555,-555,-555,-555,-555,-555,-555,-555,-555,-555,-555,-555,-555,-555,-555,-555,-555,-555,-555,-555,0,-555,-555,-555,-555,0,-11.8,25.4,1,1,1,0,0,0,0,1,0,0,0,1,0,1,1,0,1,1,0,1,219593,4378,3,1236,685,1730215.028,2348677.638,0,1,1,0,-555,1,3,1,0,0,0,0,O,1.68
Notropis_heterolepis,N,0,0,0,1,0,1,0,0,0,0.041666667,0,Nheterol,Nheterol,Cyprinid,Notropis,heterolepis,Notropis,Notropis heterolepis,163446,blacknose shiner,.,102,1,0,1,1,1,0,0,1,0,0,1,0,9.8,1,3,1420,0,0,0,0,0,0,1,1,0.5,0,0,0,0,2.5,WI,0,0,0,0,0,0,0,1,0,0,0,0,0,0,0,0,0,0,0,0,0,0,0,0,0,0,-999,-999,1,1,1,1,1,1,1,1,0,0,0,1,0,1,1,0,0,1,0,1,2289002,18281,6,2123,3300,557074.2854,2730831.712,1,0,1,0,0,0,0,0,0,0,0,0,O,1.61
Notropis_stramineus,N,1,0,1,0,0,2,0.013333333,0,0.0625,0,0,Nstramin,Nstramin,Cyprinid,Notropis,stramineus,Notropis,Notropis stramineus,163419,sand shiner,.,102,1,0,1,1,1,1,1,1,0,0,0,0,8.1,1,3,2660,1,0,0,0,0,1,1,1,1,0,0,0,0,4,NC,0,0,0,0,0,0,0,1,0,0,0,0,0,0,0,0,0,0,0,0,0,0,0,0,0,0,-11.4,30.1,0,0,1,1,0,0,0,0,0,0,0,1,0,0,1,1,1,1,0,1,3024895,16175,1,2498,2847,185028.5883,2058165.479,0,1,1,0,0,0,0,0,0,0,0,0,O,1.2
Noturus_flavus,N,7,0,0,0,0,1,0.093333333,0,0,0,0,Nflavus,Nflavus,Ictaluri,Noturus,flavus,Noturus,Noturus flavus,164013,stonecat,.,143,1,0,1,0,1,1,0,1,1,0,0,0,31,3,8,1200,1,0,0,0,1,1,1,1,0,0,0,0,0,4,NC,0,0,0,0,0,0,0,0,0,0,0,0,0,0,0,0,0,0,0,0,0,1,0,0,0,0,-13.9,29.1,0,0,1,1,1,1,0,0,0,0,0,1,0,0,1,1,1,1,0,1,2746920,13193,2,1871,3248,228738.0033,2190145.921,0,0,1,0,0,0,0,0,0,0,0,0,O,
Oncorhynchus_mykiss,N,24,1,0,0,4,3,0.32,0.090909091,0,0,0.121212121,Omykiss,Omykiss,Salmonid,Oncorhynchus,mykiss,Oncorhyn,Oncorhynchus mykiss,161989,rainbow trout,.,175,1,0,1,1,0,0,0,1,1,0,1,0,120,4,7,27000,0,1,1,0,0,0,0,0,0,0,0,1,1,4,MS,0,0,0,0,0,0,0,0,1,0,0,0,0,0,0,0,0,0,0,0,0,0,0,0,0,0,-999,-999,0,0,0,1,1,0,0,0,0,0,1,1,0,0,1,1,1,1,0,1,2607482,13921,2,4613,2332,-2042426.435,3331430.895,1,0,1,1,0,1,4,0,0,0,0,0,O,1.67
Percina_caprodes,N,1,0,0,0,0,1,0.013333333,0,0,0,0,Pcaprode,Pcaprode,Percidae,Percina,caprodes,Percina,Percina caprodes,168472,logperch,.,350,1,0,1,0,0,0,0,1,0,0,1,0,18,1.5,4,3085,0,0,0,0,1,0.5,0,0,0,0,0,0,0,1.5,NC,0,0,0,0,0,0,0,0,0,1,0,0,0,0,0,0,0,0,0,0,0,0,0,0,0,0,-13.7,28.2,0,0,0,1,1,0,0,0,0,0,0,1,0,0,1,1,1,1,0,1,3911619,19169,1,3163,2797,567033.2266,2364987.357,1,1,1,1,0,0,0,0,0,0,0,0,O,1.05
Percopsis_omiscomaycus,N,0,1,0,0,0,1,0,0.090909091,0,0,0,Pomiscom,Pomiscom,Percopsi,Percopsis,omiscomaycus,Percopsi,Percopsis omiscomaycus,164409,trout-perch,.,209,1,0,1,1,0,1,0,1,1,0,1,0,20,1,2.5,1825,0,0,0,0,0.5,1,1,0,0,0,0,0,0,2.5,WI,0,0,0,1,0,0,0,0,0,0,0,0,0,0,0,0,0,0,0,0,0,0,0,0,0,0,-999,-999,1,1,1,1,1,1,1,0,1,1,0,0,1,1,0,0,1,1,0,0,6405738,16734,1,4343,5180,22683.86385,3263449.625,1,1,1,0,0,0,0,0,0,0,0,0,O,1.35
Pimephales_notatus,N,16,1,1,13,0,4,0.213333333,0.090909091,0.0625,0.541666667,0,Pnotatus,Pnotatus,Cyprinid,Pimephales,notatus,Pimephal,Pimephales notatus,163516,bluntnose minnow,.,102,1,0,1,1,1,0,1,1,0,0,0,0,11,1,3.5,4195,1,0,0,0,0,0.75,1,1,0.5,0,0,0,0,3.25,NC,0,0,0,0,0,0,0,0,0,0,0,0,0,0,0,0,0,0,0,0,0,0,0,1,0,0,-9.1,29.8,0,1,1,1,1,1,1,1,0,0,0,1,0,1,1,1,1,1,0,1,2784561,13947,3,2193,2406,660183.247,1981435.788,1,1,1,1,0,0,0,0,0,0,0,0,O,1.11
Pimephales_promelas,Y,33,8,12,9,13,5,0.44,0.727272727,0.75,0.375,0.393939394,Ppromela,Ppromela,Cyprinid,Pimephales,promelas,Pimephal,Pimephales promelas,163517,fathead minnow,.,102,1,0,1,1,1,0,1,1,0,0,0,0,10,0.5,2,10164,1,0,0,0,0,1,1,1,0.25,0,0,0,0,3.25,NC,0,0,0,0,0,0,0,0,0,0,0,0,0,0,0,0,0,0,0,0,0,0,0,1,0,0,-16.1,29.1,1,1,0,0,0,0,0,1,1,1,0,0,0,1,0,0,1,1,1,1,8418203,19254,1,3872,3933,-65462.8623,2332333.34,1,1,1,1,0,0,0,0,0,0,0,0,O,1.51
Pomoxis_nigromaculatus,N,3,0,0,0,0,1,0.04,0,0,0,0,Pnigroma,Pnigroma,Centrarc,Pomoxis,nigromaculatus,Pomoxis,Pomoxis nigromaculatus,168167,black crappie,.,349,1,0,1,1,0,0,0,1,1,0,0,0,49,2.5,8,188000,0,0,0,0,1,1,0.25,0,0,0,0,0,0,2.25,NC,0,0,0,0,0,0,0,0,0,0,0,0,0,0,0,1,0,0,0,0,0,0,0,0,0,0,-5.5,31.8,1,1,1,0,0,0,0,1,1,1,0,0,1,1,0,0,1,1,0,1,3196197,15968,1,2578,2255,727052.4695,1758087.091,1,1,1,0,0,0,0,0,0,0,0,0,O,1.57
Pylodictis_olivaris,N,1,0,0,0,0,1,0.013333333,0,0,0,0,Polivari,Polivari,Ictaluri,Pylodictis,olivaris,Pylodict,Pylodictis olivaris,164029,flathead catfish,.,143,1,0,1,1,0,0,0,1,1,0,0,0,155,4.5,23,100000,0,0,0,0,0,0,1,0.5,0,0,0,0,0,1.5,NC,0,0,0,0,0,0,0,0,0,0,0,0,0,0,0,0,0,0,0,0,0,0,1,0,0,0,-4.6,33.2,0,0,0,1,1,1,1,0,1,1,0,0,0,1,0,0,1,1,0,0,1962136,16069,3,2322,2399,303833.9752,1480610.561,1,1,1,0,0,0,0,0,0,0,0,0,O,1.19
Rhinichthys_atratulus,N,52,0,15,20,30,4,0.693333333,0,0.9375,0.833333333,0.909090909,Ratratul,Ratratul,Cyprinid,Rhinichthys,atratulus,Rhinicht,Rhinichthys atratulus,163382,eastern blacknose dace,blacknose dace,102,1,0,1,1,1,0,1,1,1,0,1,0,10,1.5,3.5,2674,0,0,0,0,1,1,1,0,0,0,0,0,0,3,NC,0,0,0,0,0,0,0,0,0,1,0,0,0,0,0,0,0,0,0,0,0,0,0,0,0,0,-10.2,28.6,0,0,1,1,1,1,1,0,0,0,0,1,0,0,1,1,0,1,0,1,2539835,16069,1,2356,2974,899951.2098,2329122.889,0,0,1,1,0,0,0,0,0,0,0,0,O,1.38
Rhinichthys_cataractae,Y,39,1,9,18,21,5,0.52,0.090909091,0.5625,0.75,0.636363636,Rcatarac,Rcatarac,Cyprinid,Rhinichthys,cataractae,Rhinicht,Rhinichthys cataractae,163384,longnose dace,.,102,1,0,1,0,1,0,0,1,0,0,1,0,22.5,2.5,5,10000,0,0,0,0,0.75,1,0.25,0,0,0,0,0,0,2,NC,0,0,0,0,0,0,0,0,0,0,0,0,0,1,0,0,0,0,0,0,0,0,0,0,0,0,-999,-999,0,0,0,0,1,1,1,0,0,0,0,1,0,0,0,1,1,1,0,1,7646701,22807,5,5128,4540,-318230.1747,2938286.11,1,1,1,1,0,1,4,0,0,0,0,0,O,1.28
Salmo_salar,N,1,0,0,0,0,1,0.013333333,0,0,0,0,Ssalar,Ssalar,Salmonid,Salmo,salar,Salmo,Salmo salar,161996,Atlantic salmon,.,175,1,0,1,1,0,0,0,1,1,0,0,0,75,4,9,20000,0,0,0,0,0,0,0,0,0,0,1,1,1,3,WA,0,0,0,0,0,0,0,0,1,0,0,0,0,0,0,0,0,0,0,0,0,0,0,0,0,1,-555,-555,0,0,1,1,0,0,0,0,0,0,0,1,0,1,1,0,1,1,0,0,1544052,10398,2,2307,1867,2100561.367,3339918.229,0,0,1,0,0,0,0,0,0,0,0,0,O,2.005
Salmo_trutta,N,9,0,0,0,2,2,0.12,0,0,0,0.060606061,Strutta,Strutta,Salmonid,Salmo,trutta,Salmo,Salmo trutta,161997,brown trout,.,175,0,0,1,1,0,0,0,1,1,0,0,0,140,4,18,7500,0,0,0,0,0,0,0,0,0,0,0,1,1,2,NC,0,0,0,0,0,0,0,0,1,0,0,0,0,0,0,0,0,0,0,0,0,0,0,0,0,1,-1,-1,1,1,1,1,1,1,0,0,0,0,0,1,0,0,1,1,1,1,0,1,-1,-1,-1,-1,-1,-1,-1,1,0,1,1,0,-1,-1,-1,-1,-1,-1,-1,O,1.615
Salvelinus_fontinalis_fontinalis,N,4,0,0,0,0,1,0.053333333,0,0,0,0,Sfontina,Sfontina,Salmonid,Salvelinus,fontinalis,Salvelin,Salvelinus fontinalis,162003,brook trout,.,175,1,0,1,1,0,0,0,1,1,0,0,0,86,4,15,6811,0,0,0,0,0,0,0,0,0,1,1,0,0,2,NC,0,0,0,0,0,0,0,0,1,0,0,0,0,0,0,0,0,0,0,0,0,0,0,0,0,1,-999,-999,1,1,1,1,1,1,0,0,1,0,0,0,0,1,1,0,0,1,0,1,4503559,16953,2,3234,3127,1417893.12,3109044.013,1,0,1,1,1,1,4,0,0,0,0,0,O,1.54
Scardinius_erythrophthalmus,N,0,0,0,0,1,1,0,0,0,0,0.03030303,Serythro,Zzzzzzzz,Cyprinid,Scardinius,erythrophthalmus,Scardini,Scardinius erythrophthalmus,163613,rudd,.,102,0,0,0,0,0,1,0,1,0,0,0,0,51,2,19,60000,1,0,0,0,0,1,1,0,0,0,0,0,0,2,Russia,0,0,0,0,0,0,1,0,0,0,0,0,0,0,0,0,0,0,0,0,0,0,0,0,0,1,-1,-1,1,1,1,0,0,0,0,1,1,0,0,0,1,1,0,0,1,1,0,1,-1,-1,-1,-1,-1,-1,-1,1,1,0,0,1,-1,-1,-1,-1,-1,-1,-1,O,1.77
Semotilus_atromaculatus,Y,55,7,12,20,27,5,0.733333333,0.636363636,0.75,0.833333333,0.818181818,Satromac,Satromac,Cyprinid,Semotilus,atromaculatus,Semotilu,Semotilus atromaculatus,163376,creek chub,.,102,1,0,1,1,1,1,0,1,1,0,1,0,30,2,5,7157,0,0,0,0,0.75,0.75,0,0,0,0,0,0,0,1.5,NC,0,0,0,0,0,0,0,0,0,1,0,0,0,0,0,0,0,0,0,0,0,0,0,0,0,0,-10.7,29.7,1,1,1,1,0,0,0,0,1,0,0,1,0,1,1,0,0,1,0,1,4335596,18673,5,3135,3755,590133.3689,2084368.502,0,1,1,1,0,0,0,0,0,0,0,0,O,1.11
